AÑO ESTRENO;PELÍCULA ;GÉNERO;SUBGÉNERO ;DIRECTOR;ACTOR PRINCIPAL;PRODUCTORA/ESTUDIO;RECAUDACIÓN DOMÉSTICA;RECAUDACIÓN INTERNACIONAL;LUGAR;
2025;One Battle After Another;Thriller;Acción;Paul Thomas Anderson;Leonardo DiCaprio;Warner Bros.;$72.918.884;$140.000.000;Ganadora;
2025;Sinners;Terror;Thriller;Ryan Coogler;Michael B. Jordan;Universal Pictures;$279.989.632;$90.244.069;Nominada;
2025;Sentimental Value;Drama;Drama familiar;Joachim Trier;Gustav Borg;Neon;$5.338.580;$17.991.384;Nominada;
2025;Marty Supreme;Drama;Thriller;Josh Safdie;Timotheé Chalamet;A24;$96.020.307;$83.915.420;Nominada;
2025;Frankestein;Terror ;Gótico  ;Guillermo del Toro;Oscar Isaac;Netflix;;$144.496;Nominada;
2025;Hamnet;Drama;Histórico;Chloé Zhao;Jessie Buckley;Focus Features;$24.208.900;$82.098.067;Nominada;
2025;F1: The Movie;Drama;Deportivo;Joseph Kosinski;Brad Pitt;Apple Studios;$189.642.436;$444.400.000;Nominada;
2025;Bugonia;Ciencia ficción;Sátira;Yorgos Lanthimos;Emma Stone;CJ Entertainment;$17.692.390;$25.822.522;Nominada;
2025;Secret Agent;Thriller;Espionaje;Kleber Mendonça Filho;Wagner Moura;Neon;$4.282.051;$14.911.665;Nominada;
2025;Train Dreams;Drama;Histórico;Clint Bentley;Joel Edgerton;Netflix;;;Nominada;
2024;Anora;Drama;Comedia;Sean Baker;Mikey Madison;Neon;$20.474.295;$36.921.317;Ganadora;
2024;The Brutalist;Drama;Histórico;Brady Corbet;Andrien Brody;A24;$16.279.129;$34.170.991;Nominada;
2024;A Complete Unknown;Drama;Biográfico;James Mangold;Timotheé Chalamet;Searchlight Pictures;$75.001.720;$65.506.932;Nominada;
2024;Conclave;Drama;Religioso;Edward Berger;Ralph Fiennes;Focus Features;$32.580.655;$95.267.603;Nominada;
2024;Dune: Part Two;Ciencia ficción;Aventura;Denis Villeneuve;Timotheé Chalamet;Warner Bros.;$282.144.358;$432.700.000;Nominada;
2024;Emilia Pérez;Drama;Musical;Jacques Audiard;Karla Sofía Gascón;Netflix;$0;$16.317.120;Nominada;
2024;I´m Still Here;Drama;Biográfico;Walter Salles;Fernanda Torres;Sony Pictures Classics;$6.233.517;$30.192.117;Nominada;
2024;Nickel Boys;Drama;Histórico;RaMell Ross;Ethan Herisse;Amazon MGM Studios;$2.858.346;$158.034;Nominada;
2024;The Substance;Terror ;Ciencia Ficción;Coralie Fargeat;Demi Moore;Mubi;$17.584.795;$59.732.017;Nominada;Fantasía
2024;Wicked;Fantasía;Musical;Jon M. Chu;Cynthia Erivo;Universal Pictures;$474.983.975;$283.806.082;Nominada;
2023;Oppenheimer;Drama;Biográfico;Christopher Nolan;Cillian Murphy;Universal Pictures;$330.078.895;$645.732.438;Ganadora;
2023;American Fiction;Comedia;Sátira social;Cord Jefferson;Jeffrey Wright;Amazon MGM Studios;$21.098.470;$1.384.900;Nominada;
2023;Anatomy Of a Fall;Drama;Judicial;Justine Triet;Sandra Huller;Neon;$5.076.369;$30.970.358;Nominada;
2023;Barbie;Aventura ;Comedia;Greta Gerwig;Margot Robbie;Warner Bros.;$636.238.421;$810.900.000;Nominada;
2023;The Holdovers;Comedia;Coming of age;Alexander Payne;Paul Giamatti;Focus Features;$20.355.375;$28.467.472;Nominada;
2023;Killers of the Flower Moon;Drama;Crimen;Martin Scorsese;Leonardo DiCaprio;Apple Studios;$68.035.488;$90.737.111;Nominada;
2023;Maestro;Drama;Biográfico;Bradley Cooper;Bradley Cooper;Netflix;;$383.532;Nominada;
2023;Past Lives;Romance;Drama;Celine Song;Greta Lee;A24;$11.331.983;$31.416.905;Nominada;
2023;Poor Things;Ciencia ficción;Fantasía;Yorgos Lanthimos;Emma Stone;Searchlight Pictures;$34.553.225;$83.072.230;Nominada;
2023;The Zone of Interest;Bélico;Drama;Jonathan Glazer;Sandra Huller;A24;$8.659.464;$44.033.785;Nominada;
2022;Everything Everywhere All at Once;Acción;Ciencia Ficción;Daniel Kwan & Daniel Scheinert;Michelle Yeoh;A24;$77.191.785;$70.754.885;Ganadora;
2022;Im Westen nichts Neues;Bélico;Acción;Edward Berger;Felix Zammerer;Netflix;;;Nominada;
2022;Avatar: The Way of Water;Ciencia ficción;Acción;James Cameron;Sam Worthigton;20th Century Studios;$688.459.501;$1.646.025.119;Nominada;
2022;The Banshees of Inisherin;Comedia;Drama;Martin McDonagh;Colin Farrel;Searchlight Pictures;$10.582.266;$39.668.359;Nominada;
2022;Elvis;Drama;Biográfico;Baz Luhrmann;Austin Butler;Warner Bros.;$151.040.048;$137.630.236;Nominada;
2022;The Fabelmans;Drama;Biográfico;Steven Spielberg;Michelle Williams;Universal Pictures;$17.348.945;$28.265.268;Nominada;
2022;TÁR;Drama;Psicológico;Todd Field;Cate Blanchett;Focus Features;$6.773.650;$22.403.513;Nominada;
2022;Top Gun: Maverick;Acción;Drama;Joseph Kosinski;Tom Cruise;Paramount Pictures;$718.732.821;$785.264.265;Nominada;
2022;Triangle of Sadness;Comedia;Sátira social;Ruben Östlund;Harris Dickinson;Neon;$4.608.096;$21.587.647;Nominada;
2022;Women Talking;Drama;Social;Sarah Polley;Rooney Mara;United Artists Releasing;$5.456.531;$3.819.572;Nominada;
2021;CODA;Drama;Musical;Sian Heder;Emilia Jones;Apple Studios;;$1.905.058;Ganadora;
2021;The Power of the Dog;Drama;Western;Jane Campion;Benedict Cumberbatch;Netflix;;$271.009;Nominada;
2021;Don´t Look Up;Comedia;Sátira política;Adam McKay;Leonardo DiCaprio;Netflix;;$791.863;Nominada;
2021;Doraibu mai kâ;Drama;Introspectivo;Ryusuke Hamaguchi;Hidetoshi Nishijima;Janus Films;$2.352.240;$13.002.912;Nominada;
2021;Dune ;Ciencia ficción;Aventura;Denis Villeneuve;Timothée Chalamet;Warner Bros.;$108.897.830;$301.770.188;Nominada;
2021;King Richard;Drama;Biográfico;Reinaldo Marcus Green;Will Smith;Warner Bros.;$15.129.285;$24.400.000;Nominada;
2021;Licorice Pizza;Comedia;Drama;Paul Thomas Anderson;Alana Haim;MGM;$17.318.007;$15.958.068;Nominada;
2021;Nightmare Alley;Drama;Thriller;Guillermo del Toro;Bradley Cooper;Searchlight Pictures;$11.338.107;$28.291.088;Nominada;
2021;West Side Story;Musical;Romance;Steven Spielberg;Rachel Zegler;20th Century Studios;$38.530.322;$37.485.849;Nominada;
2021;Belfast;Drama;Histórico;Kenneth Branagh;Jude Hill;Focus Features;$9.250.870;$39.907.839;Nominada;
2020;Nomadland;Drama;Social;Chloé Zhao;Frances McDormand;Searchlight Pictures;$3.700.000;$35.758.207;Ganadora;
2020;The Father;Drama;Psicológico;Florian Zeller;Anthony Hopkins;Sony Pictures Classics;$2.122.771;$21.920.547;Nominada;
2020;Mank;Drama;Biográfico;David Fincher;Gary Oldman;Netflix;$0;$0;Nominada;
2020;Minari;Drama;Familiar;Lee Isaac Chung;Steven Yeun;A24;$3.110.580;$12.170.744;Nominada;
2020;Promising Young Woman;Thriller;Drama;Emerald Fennell;Carey Mulligan;Focus Features;$6.460.965;$12.393.201;Nominada;
2020;Sound of Metal;Drama;Musical;Darius Marder;Riz Ahmed;Amazon Studios;$0;$516.520;Nominada;
2020;The Trial od the Chicago 7;Drama;Judicial;Aaron Sorkin;Sacha Baron Cohen;Netflix;$0;$0;Nominada;
2020;Judas and the Black Messiah;Drama;Biográfico;Shaka King;Daniel Kaluuya;Warner Bros.;$5.478.009;$2.000.000;Nominada;
2019;Parasits;Drama;Sátira social;Bong Joon-ho;Song Kang-ho;CJ Entertainment;$53.847.897;$209.197.865;Ganadora;
2019;Jojo Rabbit;Comedia;Sátira social;Taika Waititi;Roman Griffin Davis;Searchlight Pictures;$33.370.906;$60.227.274;Nominada;
2019;Joker;Drama;Psicológico;Todd Phillips;Joaquin Phoenix;Warner Bros.;$335.477.657;$743.480.625;Nominada;
2019;Little Women;Drama;Romance;Greta Gerwig;Saoirse Ronan;Sony Pictures;$108.101.214;$112.001.465;Nominada;
2019;Marriage Story;Drama;Romance;Noah Baumbach;Scarlett Johansson;Netflix;$0;$333.686;Nominada;
2019;1917;Drama;Bélico;Sam Mendes;George MacKay;Universal Pictures;$159.227.644;$286.836.708;Nominada;
2019;Once Upon a Time in Hollywood;Comedia;Drama;Quentin Tarantino;Leonardo DiCaprio;Sony Pictures;$142.502.728;$251.366.880;Nominada;
2019;The Irishman;Drama;Crimen;Martin Scorsese;Robert De Niro;Netflix;$0;$968.853;Nominada;
2019;Ford v. Ferrari;Drama;Deportivo;James Mangold;Matt Damon;20th Century Studios;$117.624.357;$108.675.123;Nominada;
2018;Green Book;Drama;Comedia;Peter Farrelly;Viggo Mortensen;Universal Pictures;$85.080.171;$236.672.485;Ganadora;
2018;Black Panther;Acción;Superheroes;Ryan Coogler;Chadwick Boseman;Walt Disney Pictures;$700.426.566;$649.499.517;Nominada;
2018;BlacKkKlansman;Drama;Crimen;Spike Lee;John David Washington;Focus Features;$49.275.340;$44.138.369;Nominada;
2018;Bohemian Rhapsody;Drama;Biográfico;Bryan Singer;Rami Malek;20th Century Fox;$216.668.042;$694.141.269;Nominada;
2018;The Favorite;Drama;Sátira;Yorgos Lanthimos;Olivia Colman;Searchlight Pictures;$34.366.783;$61.551.923;Nominada;
2018;Roma;Drama;Biográfico;Alfonso Cuarón;Yalitza Aparicio;Netflix;$0;$1.140.769;Nominada;
2018;A Star is Born;Drama;Romance;Bradley Cooper;Lady Gaga;Warner Bros.;$215.333.122;$224.609.884;Nominada;
2018;Vice;Drama;Comedia;Adam McKay;Christian Bale;Annapurna Pictures;$47.836.282;$28.237.206;Nominada;
2017;The Shape of the Water;Fantasía;Drama;Guillermo del Toro;Sally Hawkins;Searchlight Pictures;$63.859.435;$131.384.029;Ganadora;
2017;Three Billboards Outside Ebbing;Drama;Crimen;Martin McDonagh;Frances McDormand;Searchlight Pictures;$54.513.740;$108.215.581;Nominada;
2017;Call Me By Your Name;Drama;Romance;Luca Guadagnino;Timothée Chalamet;Sony Pictures Classics;$18.095.701;$52.231.763;Nominada;
2017;Get Out;Terror ;Psicológico;Jordan Peele;Daniel Kaluuya;Universal Pictures;$176.196.665;$83.658.579;Nominada;
2017;Lady Bird;Comedia;Drama;Greta Gerwig;Saoirse Ronan;A24;$48.958.273;$30.028.205;Nominada;
2017;Phantom Thread;Drama;Romance;Paul Thomas Anderson;Daniel Day-Lewis;Focus Features;$21.198.205;$31.946.827;Nominada;
2017;The Post;Drama;Histórico;Steven Spielberg;Meryl Streep;20th Century Fox;$81.903.458;$111.861.206;Nominada;
2017;Dunkirk;Drama;Bélico;Christopher Nolan;Fionn Whitehead;Warner Bros.;$189.740.665;$359.344.080;Nominada;
2017;Darkest Hour;Drama;Biográfico;Joe Wright;Gary Oldman;Focus Features;$56.468.410;$94.378.864;Nominada;
2016;Moonlight;Drama;Social;Barry Jenkins;Trevante Rhodes;A24;$27.854.932;$39.098.332;Ganadora;
2016;La La land;Musical;Drama romántico;Damien Chazelle;Emma Stone;Lionsgate;$151.101.803;$371.984.368;Nominada;
2016;Hacksaw Ridge;Drama;Bélico;Mel Gibson;Andrew Garfield;Lionsgate;$67.209.615;$113.354.021;Nominada;
2016;Hell or High Water;Drama;Crimen;David Mackenzie;Chris Pine;Lionsgate;$27.007.844;$10.991.831;Nominada;
2016;Arrival;Ciencia ficción;Drama;Denis Villeneuve;Amy Adams;Paramount Pictures;$100.546.139;$112.212.517;Nominada;
2016;Hidden Figures;Drama;Biográfico;Theodore Melfi;Taraji P. Henson;20th Century Fox;$169.607.287;$68.005.805;Nominada;
2016;Lion;Drama;Biográfico;Garth Davis;Dev Patel;The Weinstein Company;$51.738.905;$89.114.905;Nominada;
2016;Manchester By the Sea;Drama;Familiar;Kenneth Lonergan;Casey Affleck;Amazon Studios;$47.695.371;$31.292.777;Nominada;
2016;Fences;Drama;Teatro;Denzel Washington;Denzel Washington;Paramount Pictures;$57.682.904;$6.731.857;Nominada;
2015;Spotlight;Drama;Periodístico;Tom McCarthy;Mark Ruffalo;Open Road Films;$45.055.776;$53.634.478;Ganadora;
2015;The Revenant;Drama;Aventura;Alejandro G. Iñárritu;Leonardo DiCaprio;20th Century Fox;$184.247.394;$349.326.961;Nominada;
2015;Mad Max: Fury Road;Acción;Postapocalíptico;George Miller;Tom Hardy;Warner Bros.;$154.280.290;$226.175.736;Nominada;
2015;Room;Drama;Psicológico;Lenny Abrahamson;Brie Larson;A24;$14.677.654;$20.724.104;Nominada;
2015;Bridge of Spies;Drama;Histórico;Steven Spielberg;Tom Hanks;Walt Disney Pictures;$72.313.754;$93.164.594;Nominada;
2015;Brooklyn;Drama;Romance;John Crowley;Saoirse Ronan;Searchlight Pictures;$38.322.743;$24.079.412;Nominada;
2015;The Martian;Ciencia ficción;Aventura;Ridley Scott;Matt Damon;20th Century Fox;$228.433.663;$402.187.155;Nominada;
2015;The Big Short;Comedia;Sátira económica;Adam McKay;Christian Bale;Paramount Pictures;$70.259.870;$63.181.000;Nominada;
2014;Birdman;Comedia;Sátira;Alejandro G. Iñárritu;Michael Keaton;Searchlight Pictures;$42.340.598;$60.874.496;Ganadora;
2014;Boyhood;Drama;Coming of age;Richard Linklater;Ellar Coltrane;IFC Films;$25.352.281;$22.785.385;Nominada;
2014;The Grand Budapest Hotel;Comedia;Aventura;Wes Anderson;Ralph Fiennes;Searchlight Pictures;$59.301.324;$115.261.956;Nominada;
2014;The Imitation Game;Drama;Biográfico;Morten Tyldum;Benedict Cumberbatch;The Weinstein Company;$91.125.683;$142.430.025;Nominada;
2014;American Sniper;Drama;Bélico;Clint Eastwood;Bradley Cooper;Warner Bros.;$350.159.020;$197.500.000;Nominada;
2014;The Theory of Everything;Drama;Biográfico;James Marsh;Eddie Redmayne;Focus Features;$35.893.537;$87.833.151;Nominada;
2014;Whiplash;Drama;Musical;Damien Chazelle;Miles Teller;Sony Pictures Classics;$14.003.391;$36.418.755;Nominada;
2014;Selma;Drama;Biográfico;Ava DuVernay;David Oyelowo;Paramount Pictures;$52.076.908;$15.705.854;Nominada;
2013;12 Years a Slave;Drama;Histórico;Steve McQueen;Chiwetel Ejiofor;Searchlight Pictures;$56.671.993;$131.061.209;Ganadora;
2013;Capitain Phillips;Drama;Basado en hechos;Paul Greengrass;Tom Hanks;Sony Pictures;$107.100.855;$111.690.956;Nominada;
2013;Dallas Buyers Club;Drama;Biográfico;Jean-Marc Vallée;Matthew McConaughey;Focus Features;$27.298.285;$27.900.000;Nominada;
2013;Gravity;Ciencia ficción;Supervivencia;Alfonso Cuarón;Sandra Bullock;Warner Bros.;$274.092.705;$449.660.631;Nominada;
2013;Her;Drama;Romance;Spike Jonze;Joaquin Phoenix;Warner Bros.;$25.568.251;$22.523.607;Nominada;
2013;Nebraska;Drama;Comedia;Alexander Payne;Bruce Dern;Paramount Pictures;$17.654.912;$10.027.960;Nominada;
2013;Philomena;Drama;Biográfico;Stephen Frears;Judi Dench;The Weinstein Company;$37.709.979;$62.419.893;Nominada;
2013;American Hustle;Drama;Crimen;David O. Russell;Amy Adams;Sony Pictures;$150.117.807;$101.054.000;Nominada;
2013;The Wolf of Wall Street;Drama;Biográfico;Martin Scorsese;Leonardo DiCaprio;Paramount Pictures;$116.900.694;$289.977.539;Nominada;
2012;Argo;Drama;Histórico;Ben Affleck;Ben Affleck;Warner Bros.;$136.025.503;$96.300.000;Ganadora;
2012;Amour;Drama;Romance;Michael Haneke;Jean-Louis Trintignant;Sony Pictures Classics;$6.739.492;$22.731.560;Nominada;
2012;Beasts of the Southern Wild;Drama;Fantasía;Benh Zeitlin;Quvenzhané Wallis;Searchlight Pictures;$12.795.746;$8.312.000;Nominada;
2012;Django;Western;Acción;Quentin Tarantino;Jamie Foxx;The Weinstein Company;$162.805.434;$263.268.939;Nominada;
2012;Les Misérables;Musical;Drama;Tom Hooper;Hugh Jackman;Universal Pictures;$149.260.140;$293.497.389;Nominada;
2012;Life of Pi;Aventura ;Fantasía;Ang Lee;Suraj Sharma;20th Century Fox;$124.987.023;$484.029.542;Nominada;
2012;Lincoln;Drama;Biográfico;Steven Spielberg;Daniel Day-Lewis;Walt Disney Pictures;$182.207.973;$93.085.477;Nominada;
2012;Silver Linings Playbook;Comedia;Drama;David O. Russell;Jennifer Lawrence;The Weinstein Company;$132.092.958;$104.319.495;Nominada;
2012;Zero Dark Thirty;Drama;Thriller;Kathryn Bigelow;Jessica Chastain;Sony Pictures;$95.720.716;$37.100.000;Nominada;
2011;The Artist;Comedia;Drama;Michel Hazanavicius;Jean Dujardin;The Weinstein Company;$44.671.682;$88.799.489;Ganadora;
2011;Hugo;Aventura ;Familiar;Martin Scorsese;Asa Butterfield;Paramount Pictures;$73.864.507;$111.905.803;Nominada;
2011;Moneyball;Drama;Deportivo;Bennett Miller;Brad Pitt;Sony Pictures;$75.605.492;$38.062.634;Nominada;
2011;The Descendants;Drama;Familiar;Alexander Payne;George Clooney;Searchlight Pictures;$82.584.160;$94.659.025;Nominada;
2011;The Tree of Life;Drama;Filosófico;Terrence Malick;Brad Pitt;Searchlight Pictures;$13.303.319;$46.077.220;Nominada;
2011;Midnight in Paris;Comedia;Romance;Woody Allen;Owen Wilson;Sony Pictures Classics;$56.817.045;$94.670.338;Nominada;
2011;The Help;Drama;Histórico;Tate Taylor;Viola Davis;Walt Disney Pictures;$169.708.112;$52.094.074;Nominada;
2011;War Horse;Drama;Bélico;Steven Spielberg;Jeremy Irvine;Walt Disney Pictures;$79.884.879;$97.700.000;Nominada;
2011;Extremely Loud.  Incredible Close;Drama;Familiar;Stephen Daldry;Thomas Horn;Warner Bros.;$31.847.881;$23.400.000;Nominada;
2010;The King´s Speech;Drama;Biográfico;Tom Hooper;Colin Firth;The Weinstein Company;$138.797.449;$275.445.009;Ganadora;
2010;The Social Network;Drama;Biográfico;Darren Aronofsky;Jesse Eisenberg;Sony Pictures;$96.962.694;$127.957.681;Nominada;
2010;The Figther;Drama;Biográfico;David O. Russell;Mark Wahlberg;Paramount Pictures;$93.617.009;$35.573.860;Nominada;
2010;Black Swan;Drama;Psicológico;Christopher Nolan;Natalie Portman;Searchlight Pictures;$107.770.258;$222.443.368;Nominada;
2010;Inception;Ciencia ficción;Acción;Lisa Cholodenko;Leonardo DiCaprio;Warner Bros.;$292.587.330;$547.209.297;Nominada;
2010;Toy Story 3;Animación;Aventura;Danny Boyle;Woody (voz de Tom Hanks);Walt Disney Pictures;$415.004.880;$652.311.221;Nominada;
2010;127 Hours;Drama;Biográfico;David Fincher;James Franco;Searchlight Pictures;$18.335.230;$42.403.567;Nominada;
2010;Winter´s Bone;Drama;Crimen;Lee Unkrich;Jennifer Lawrence;Roadside Attractions;$6.531.503;$7.265.331;Nominada;
2010;True Grit;Western;Aventura;Joel Coen & Ethan Coen;Jeff Bridges;Paramount Pictures;$171.243.005;$81.033.922;Nominada;
2010;The Kids Are All Right;Comedia;Familiar;Debra Granik;Annette Bening;Focus Features;$20.811.365;$13.947.586;Nominada;
2009;The Hurt Locker;Drama;Bélico;Kathryn Bigelow;Jeremy Renner;Summit Entertainment;$17.017.811;$32.241.955;Ganadora;
2009;Avatar ;Ciencia ficción;Aventura;James Cameron;Sam Worthington;20th Century Fox;$785.221.649;$2.138.484.377;Nominada;
2009;District 9;Ciencia ficción;Acción;Neill Blomkamp;Sharlto Copley;Sony Pictures;$115.646.235;$95.242.715;Nominada;
2009;An Education;Drama;Romance;Lone Scherfig;Carey Mulligan;Sony Pictures Classics;$12.574.914;$13.521.938;Nominada;
2009;The Blind Side;Drama;Biográfico;John Lee Hancock;Sandra Bullock;Warner Bros.;$255.982.860;$53.248.834;Nominada;
2009;A serious Man;Comedia;Tragicomedia;Joel Coen & Ethan Coen;Michael Stuhlbarg;Focus Features;$9.228.768;$22.201.566;Nominada;
2009;Inglourious Bastards;Drama;Bélico;Quentin Tarantino;Brad Pitt;The Weinstein Company;$120.540.719;$200.919.009;Nominada;
2009;Precious;Drama;Social;Lee Daniels;Gabourey Sidibe;Lionsgate;$47.566.524;$16.083.005;Nominada;
2009;Up;Animación;Aventura;Pete Docter;Carl Fredricksen (voz de Ed Asner);Walt Disney Pictures;$293.004.164;$442.096.756;Nominada;
2009;Up in the Air;Comedia;Romance;Jason Reitman;George Clooney;Paramount Pictures;$83.823.381;$83.019.358;Nominada;
2008;Slumdog Millionaire;Drama;Romance;Danny Boyle;Dev Patel;Searchlight Pictures;$141.319.928;$237.090.614;Ganadora;
2008;Frost/Nixon;Drama;Histórico;Ron Howard;Frank Langella;Universal Pictures;$18.622.031;$8.804.304;Nominada;
2008;The Curious Case of Benjamin Button;Drama;Fantasía;David Fincher;Brad Pitt;Paramount Pictures;$127.509.326;$208.293.460;Nominada;
2008;Milk;Drama;Biográfico;Gus Van Sant;Sean Penn;Focus Features;$31.841.299;$22.748.259;Nominada;
2008;The Reader;Drama;Romance;Stephen Daldry;Kate Winslet;The Weinstein Company;$34.194.407;$74.708.079;Nominada;
2007;No Country for Old Men;Drama;Crimen;Joel Coen / Ethan Coen;Josh Brolin;Paramount Pictures;$74.283.625;$97.344.836;Ganadora;
2007;Michael Clayton;Drama;Thriller;Tony Gilroy;George Clooney;Warner Bros.;$49.033.882;$43.957.953;Nominada;
2007;Atonement;Drama;Romance;Joe Wright;Keira Knightley;Focus Features;$50.927.067;$78.338.994;Nominada;
2007;There Will Be Blood;Drama;Histórico;Paul Thomas Anderson;Daniel Day-Lewis;Paramount Pictures;$40.222.514;$36.209.961;Nominada;
2007;Juno;Comedia;Drama;Jason Reitman;Elliot Page;Searchlight Pictures;$143.495.265;$88.877.416;Nominada;
2006;The Departed;Drama;Crimen;Martin Scorsese;Leonardo DiCaprio;Warner Bros.;$132.399.394;$159.695.642;Ganadora;
2006;Babel;Drama;Coral;Alejandro González Iñárritu;Brad Pitt;Paramount Pictures;$34.302.837;$101.027.345;Nominada;
2006;Little Miss Sunshine;Comedia;Drama;Jonathan Dayton / Valerie Faris;Abigail Breslin;Searchlight Pictures;$59.891.098;$40.632.083;Nominada;
2006;Letters from Iwo Jima;Drama;Bélico;Clint Eastwood;Ken Watanabe;Warner Bros.;$13.756.082;$54.917.146;Nominada;
2006;The Queen;Drama;Biográfico;Stephen Frears;Helen Mirren;The Weinstein Company;$56.441.711;$68.481.442;Nominada;
2005;Crash;Drama;Social;Paul Haggis;Sandra Bullock;Lionsgate;$54.580.300;$43.829.761;Ganadora;
2005;Good Night and Good Luck;Histórico;Drama;George Clooney;David Strathairn;Warner Independent Pictures;$31.558.003;$23.083.188;Nominada;
2005;Capote;Drama;Biográfico;Bennett Miller;Philip Seymour Hoffman;Sony Pictures Classics;$28.750.530;$20.576.875;Nominada;
2005;Munich;Drama;Histórico;Steven Spielberg;Eric Bana;Universal Pictures;$47.403.685;$83.578.444;Nominada;
2005;Brokeback Mountain;Drama;Romance;Ang Lee;Heath Ledger;Focus Features;$84.111.816;$95.019.405;Nominada;
2004;Million Dollar Baby;Drama;Deportivo;Clint Eastwood;Hilary Swank;Warner Bros.;$100.492.203;$116.271.443;Ganadora;
2004;The Aviator;Drama;Biográfico;Martin Scorsese;Leonardo DiCaprio;Warner Bros.;$102.610.330;$111.109.612;Nominada;
2004;Finding Neverland;Drama;Fantasía;Marc Forster;Johnny Depp;Miramax;$51.680.613;$64.970.000;Nominada;
2004;Sideways;Comedia ;Drama;Alexander Payne;Paul Giamatti;Searchlight Pictures;$71.503.593;$38.203.338;Nominada;
2004;Ray;Drama;Biográfico;Taylor Hackford;Jamie Foxx;Universal Pictures;$75.331.600;$48.639.776;Nominada;
2003;The Lord of the Rings: The Return of the King;Fantasía;Aventura;Peter Jackson;Elijah Wood;New Line Cinema;$386.975.644;$761.678.411;Ganadora;
2003;Lost in Translation;Drama;Romance;Sofia Coppola;Bill Murray;Focus Features;$44.585.453;$74.101.700;Nominada;
2003;Mystic River;Drama;Crimen;Clint Eastwood;Sean Penn;Warner Bros.;$90.135.191;$66.460.000;Nominada;
2003;Master and Commander: The Far Side of the World;Drama;Aventura;Peter Weir;Russell Crowe;20th Century Fox;$93.927.920;$117.694.615;Nominada;
2003;Seabiscuit;Drama;Deportivo;Gary Ross;Tobey Maguire;Universal Pictures;$120.277.854;$28.058.591;Nominada;
2002;Chicago;Musical;Crimen;Rob Marshall;Renée Zellweger;Miramax;$170.687.518;$136.090.165;Ganadora;
2002;Gangs of New York;Drama;Histórico;Martin Scorsese;Leonardo DiCaprio;Miramax;$77.812.000;$115.960.504;Nominada;
2002;The Hours;Drama;Psicológico;Stephen Daldry;Nicole Kidman;Paramount Pictures;$41.675.994;$67.170.137;Nominada;
2002;The Lord of the Rings: The Two Towers;Fantasía;Aventura;Peter Jackson;Elijah Wood;New Line Cinema;$350.104.956;$594.197.575;Nominada;
2002;The Pianist;Drama;Bélico;Roman Polanski;Adrien Brody;Focus Features;$32.590.750;$87.500.000;Nominada;
2001;A Beautiful Mind;Drama;Biográfico;Ron Howard;Russell Crowe;Universal Pictures;$170.742.341;$146.048.916;Ganadora;
2001;Gosford Park;Drama;Crimen;Robert Altman;Maggie Smith;Focus Features;$41.308.615;$46.445.429;Nominada;
2001;In the Bedroom;Drama;Familiar;Todd Field;Sissy Spacek;Miramax;$35.930.604;$8.832.577;Nominada;
2001;The Lord of the Rings: The Fellowship of the Ring;Fantasía;Aventura;Peter Jackson;Elijah Wood;New Line Cinema;$325.873.309;$570.569.852;Nominada;
2001;Moulin Rouge!;Musical;Romance;Baz Luhrmann;Nicole Kidman;20th Century Fox;$57.386.607;$127.541.935;Nominada;
2000;Gladiator;Acción;Aventura;Ridley Scott;Russell Crowe;Universal Pictures;$187.705.427;$277.801.273;Ganadora;
2000;Chocolat;Drama;Romance;Lasse Hallström;Juliette Binoche;Miramax;$71.509.363;$81.191.263;Nominada;
2000;Erin Brockovich;Drama;Biográfico;Steven Soderbergh;Julia Roberts;Universal Pictures;$125.595.205;$132.256.558;Nominada;
2000;Traffic;Drama;Crimen;Steven Soderbergh;Michael Douglas;USA Films;$124.115.725;$83.400.000;Nominada;
2000;Crouching Tiger. Hidden Dragon;Acción;Aventura;Ang Lee;Chow Yun-fat;Sony Pictures Classics;$128.530.421;$85.447.751;Nominada;
1999;American Beauty;Drama;Sátira social;Sam Mendes;Kevin Spacey;DreamWorks Pictures;$130.096.601;$226.200.000;Ganadora;
1999;The Cider House Rules;Drama;Romance;Lasse Hallström;Tobey Maguire;Miramax;$57.545.092;$31.000.000;Nominada;
1999;The Green Mile;Drama;Fantasía;Frank Darabont;Tom Hanks;Warner Bros.;$136.801.374;$150.000.000;Nominada;
1999;The Insider;Drama;Periodístico;Michael Mann;Al Pacino;Walt Disney Pictures;$29.089.912;$31.200.000;Nominada;
1999;The Sixth Sense;Terror;Suspenso;M. Night Shyamalan;Bruce Willis;Buena Vista Pictures;$293.506.292;$379.300.140;Nominada;
1998;Shakespeare in Love;Romance;Comedia romántica ;John Madden;Gwyneth Paltrow;Miramax;$100.317.794;$189.000.000;Ganadora;
1998;Elizabeth;Drama;Drama histórico;Shekhar Kapur;Cate Blanchett;PolyGram Filmed Entertainment;$30.082.699;$52.067.943;Nominada;
1998;Saving Private Ryan;Bélico;Drama bélico ;Steven Spielberg;Tom Hanks;Paramount Pictures;$217.049.603;$265.300.000;Nominada;
1998;Thin Red Line;Bélico;Drama bélico ;Terrence Malick;Jim Caviezel;20th Century Fox;$36.400.491;$61.726.074;Nominada;
1998;La Vita´e Belle;Drama;Comedia dramática ;Roberto Benigni;Roberto Benigni;Miramax;$57.563.264;$172.535.749;Nominada;
1997;Titanic;Romance;Drama;James Cameron;Leonardo DiCaprio;20th Century Fox;$674.354.882;$1.590.450.697;Ganadora;
1997;As Good as it Gets;Comedia;Comedia dramática ;James L. Brooks;Jack Nicholson;Sony Pictures;$148.478.011;$165.700.000;Nominada;
1997;The Full Monty;Comedia;Comedia dramática ;Peter Cattaneo;Robert Carlyle;Searchlight Pictures;$45.950.122;$211.988.527;Nominada;
1997;Good Will Hunting;Drama;Drama psicológico;Gus Van Sant;Matt Damon;Miramax;$138.433.435;$87.500.000;Nominada;
1997;L.A Confidential;Cine negro;Thriller ;Curtis Hanson;Kevin Spacey;Warner Bros.;$64.616.940;$61.600.000;Nominada;
1996;The English Patient;Drama;Romance;Anthony Minghella;Ralph Fiennes;Miramax;$78.676.425;$153.300.000;Ganadora;
1996;Fargo;Thriller;Crimen ;Joel Coen;Frances McDormand;Gramercy Pictures;$24.611.975;$36.000.000;Nominada;
1996;Jerry Maguire;Comedia;Drama deportivo;Cameron Crowe;Tom Cruise;Sony Pictures;$153.952.592;$119.600.000;Nominada;
1996;Secrets and Lies;Drama;Drama social ;Mike Leigh;Brenda Blethyn;October Films;$13.417.292;$13.417.292;Nominada;
1996;Shine;Drama;Biográfico ;Scott Hicks;Geoffrey Rush;Fine Line Features;$35.892.330;$106.751;Nominada;
1995;Braveheart;Épico;Histórico ;Mel Gibson;Mel Gibson;Paramount Pictures;$75.609.945;$137.606.271;Ganadora;
1995;Apolo 13;Drama;Histórico;Ron Howard;Tom Hanks;Universal Pictures;$174.692.658;$181.077.570;Nominada;
1995;Babe;Familiar;Comedia;Chris Noonan;James Cromwell;Universal Pictures;$63.658.910;$190.476.000;Nominada;
1995;Il postino;Drama;Romance;Michael Radford;Massimo Troisi;Miramax;$21.848.932;$53.758;Nominada;
1995;Sense and Sensibility;Romance;Drama de época;Ang Lee;Emma Thompson;Columbia Pictures;$43.436.071;$91.400.000;Nominada;
1994;Forrest Gump;Comedia;Drama;Robert Zemeckis;Tom Hanks;Paramount Pictures;$330.455.270;$347.771.195;Ganadora;
1994;Four  Weddings and a Funeral;Comedia;Comedia romántica;Mike Newell;Hugh Grant;Gramercy Pictures;$52.700.832;$193.000.000;Nominada;
1994;Pulp Fiction;Crimen;Comedia negra;Quentin Tarantino;John Travolta;Miramax;$107.928.762;$106.000.000;Nominada;
1994;Quiz Show;Drama;Histórico;Robert Redford;Ralph Fiennes;Hollywood Pictures;$24.822.619;$24.822.619;Nominada;
1994;The Shawshank Redemption;Drama;Drama carcelario;Frank Darabont;Tim Robbins;Columbia Pictures;$28.767.189;$628.170;Nominada;
1993;Schindler's List;Drama;Histórico;Steven Spielberg;Liam Neeson;Universal Pictures;$96.898.818;$225.262.427;Ganadora;
1993;The Fugitive;Thriller;Acción;Andrew Davis;Harrison Ford;Warner Bros.;$183.875.760;$183.875.760;Nominada;
1993;In The Name of the Father;Drama;Judicial;Jim Sheridan;Daniel Day-Lewis;Universal Pictures;$25.096.862;$40.700.000;Nominada;
1993;The Piano;Drama;Romance;Jane Campion;Holly Hunter;Miramax;$40.157.856;$27.700;Nominada;
1993;Remains of the Days;Drama;Romance;James Ivory;Anthony Hopkins;Columbia Pictures;$23.237.911;$23.237.911;Nominada;
1992;Unforgiven;Western;Drama;Clint Eastwood;Clint Eastwood;Warner Bros.;$101.167.799;$58.000.000;Ganadora;
1992;The Crying Game;Drama;Thriller ;Neil Jordan;Stephen Rea;Miramax;$62.548.947;$139;Nominada;
1992;A Few Good Men;Drama;Judicial;Rob Reiner;Tom Cruise;Columbia Pictures;$141.340.178;$101.900.000;Nominada;
1992;Howards End;Drama;Romance;James Ivory;Anthony Hopkins;Columbia Pictures;$26.126.837;$348.226;Nominada;
1992;Scent of a Woman;Drama;Drama personal;Martin Brest;Al Pacino;Universal Pictures;$63.095.253;$71.000.000;Nominada;
1991;The Silence of the Lambs;Thriller;Psicológico;Jonathan Demme;Jodie Foster;Orion Pictures;$130.742.922;$142.000.000;Ganadora;
1991;Beauty and the Beast;Animación;Musical;Gary Trousdale / Kirk Wise;Bella;Walt Disney Pictures;$218.967.620;$232.323.678;Nominada;
1991;Bugsy;Drama;Crimen;Barry Levinson;Warren Beatty;TriStar Pictures;$49.114.016;$49.114.016;Nominada;
1991;J.F.K ;Drama;Histórico;Oliver Stone;Kevin Costner;Warner Bros.;$70.405.498;$135.000.000;Nominada;
1991;The Prince of Tides;Drama;Romance;Barbra Streisand;Barbra Streisand;Columbia Pictures;$74.787.599;$74.787.599;Nominada;
1990;Dances With Wolves;Western;Drama;Kevin Costner;Kevin Costner;Orion Pictures;$184.208.848;$240.000.000;Ganadora;
1990;The Godfather Part III;Crimen;Drama;Francis Ford Coppola;Al Pacino;Paramount Pictures;$66.761.392;$70.100.000;Nominada;
1990;Ghost;Fantasía;Romance;Jerry Zucker;Patrick Swayze;Paramount Pictures;$217.631.306;$288.072.251;Nominada;
1990;Goodfellas;Crimen;Drama;Martin Scorsese;Ray Liotta;Warner Bros.;$46.909.721;$127.063;Nominada;
1990;Awakenings;Drama;Biográfica;Penny Marshall;Robert De Niro;Columbia Pictures;$52.096.475;$52.096.475;Nominada;
1989;Driving Miss Daisy;Drama;Comedia;Bruce Beresford;Jessica Tandy;Warner Bros.;$106.593.296;$39.200.000;Ganadora;
1989;Born on the Fourth of July;Drama;Bélico;Oliver Stone;Tom Cruise;Universal Pictures;$70.001.698;$91.000.000;Nominada;
1989;Dead Poets Society;Drama;Educación;Peter Weir;Robin Williams;Touchstone Pictures;$95.860.116;$140.000.000;Nominada;
1989;Field of Dreams;Fantasía;Drama;Phil Alden Robinson;Kevin Costner;Universal Pictures;$64.532.235;$20.000.000;Nominada;
1989;My Left Foot;Drama;Biográfico;Jim Sheridan;Daniel Day-Lewis;Miramax;$14.743.391;$14.743.391;Nominada;
1988;Rain Man;Drama;Drama ;Barry Levinson;Dustin Hoffman;MGM;$172.825.435;$182.000.000;Ganadora;
1988;The Accidental Tourist;Drama;Comedia ;Lawrence Kasdan;William Hurt;Warner Bros.;$32.632.093;$32.632.093;Nominada;
1988;Dangerous Liaisons;Drama;Romance;Stephen Frears;Glenn Close;Warner Bros.;$34.670.720;$34.670.720;Nominada;
1988;Mississippi Burning;Drama;Crimen;Alan Parker;Gene Hackman;Orion Pictures;$34.603.943;$34.603.943;Nominada;
1988;Working Girl;Comedia;Comedia romántica;Mike Nichols;Melanie Griffith;20th Century Fox;$63.779.477;$39.173.635;Nominada;
1987;The Last Emperor;Drama;Histórico;Bernardo Bertolucci;John Lone;Columbia Pictures;$43.984.230;$58.051;Ganadora;
1987;Broadcast News;Comedia;Comedia dramática;James L. Brooks;Holly Hunter;20th Century Fox;$51.249.404;$16.081.905;Nominada;
1987;Fatal Attraction;Thriller;Psicológico;Adrian Lyne;Glenn Close;Paramount Pictures;$156.645.693;$163.500.000;Nominada;
1987;Hope and Glory;Drama;Comedia dramática;John Boorman;Sebastian Rice-Edwards;Columbia Pictures;$10.021.120;$10.021.120;Nominada;
1987;Moonstruck;Comedia;Romance;Norman Jewison;Cher;MGM;$80.640.528;$1.677;Nominada;
1986;Platoon;Bélico;Drama bélico;Oliver Stone;Charlie Sheen;Orion Pictures;$138.530.565;$15.690;Ganadora;
1986;Children of a Lesser God;Drama;Romance;Randa Haines;William Hurt;Paramount Pictures;$31.853.080;$31.853.080;Nominada;
1986;Hannah and Her Sisters;Comedia;Drama;Woody Allen;Mia Farrow;Orion Pictures;$40.084.041;$40.084.041;Nominada;
1986;The Mission;Drama;Histórico;Roland Joffé;Robert De Niro;Warner Bros.;$17.218.023;$284.476;Nominada;
1986;A Room with a View;Romance;Drama de época;James Ivory;Helena Bonham Carter;Goldcrest Films;$20.966.644;$3.592.656;Nominada;
1985;Out of Africa;Drama;Romance;Sydney Pollack;Meryl Streep;Universal Pictures;$87.071.205;$140.443.000;Ganadora;
1985;The Color Purple;Drama;Drama;Steven Spielberg;Whoopi Goldberg;Warner Bros.;$98.467.863;$98.467.863;Nominada;
1985;Kiss of the Spider Woman;Drama;Drama político;Héctor Babenco;William Hurt;Island Pictures;$17.005.229;$4.425;Nominada;
1985;Prizzi's Honor;Comedia;Comedia negra;John Huston;Jack Nicholson;20th Century Fox;$26.657.534;$26.657.534;Nominada;
1985;Witness;Thriller;Crimen ;Peter Weir;Harrison Ford;Paramount Pictures;$68.706.993;$466;Nominada;
1984;Amadeus;Drama;Biográfico ;Miloš Forman;F. Murray Abraham;Orion Pictures;$51.973.029;$284.796;Ganadora;
1984;The Killing Fields;Drama;Bélico;Roland Joffé;Sam Waterston;Warner Bros.;$34.700.291;$34.700.291;Nominada;
1984;A Passage to India;Drama;Histórico;David Lean;Judy Davis;Columbia Pictures;$27.187.653;$5.818.452;Nominada;
1984;Places in the Heart;Drama;Drama social;Robert Benton;Sally Field;TriStar Pictures;$34.901.614;$34.901.614;Nominada;
1984;A Soldier's Story;Drama;Crimen ;Norman Jewison;Howard E. Rollins Jr.;Columbia Pictures;$21.821.347;$21.821.347;Nominada;
1983;Terms of Endearment;Drama;Comedia dramática ;James L. Brooks;Shirley MacLaine;Paramount Pictures;$108.423.489;$260;Ganadora;
1983;The Big Chill;Drama;Comedia dramática ;Lawrence Kasdan;Glenn Close;Columbia Pictures;$56.399.659;$373;Nominada;
1983;The Dresser;Drama;Drama teatral;Peter Yates;Albert Finney;Columbia Pictures;$5.310.748;$5.310.748;Nominada;
1983;The Right Stuff;Drama;Histórico;Philip Kaufman;Sam Shepard;Warner Bros.;$21.192.102;$213;Nominada;
1983;Tender Mercies;Drama;Drama musical;Bruce Beresford;Robert Duvall;Universal Pictures;$8.443.124;$8.443.124;Nominada;
1982;Gandhi;Drama;Biográfico ;Richard Attenborough;Ben Kingsley;Columbia Pictures;$52.767.889;$52.767.889;Nominada;
1982;E.T. the Extra-Terrestrial;Ciencia ficción;Aventura ;Steven Spielberg;E.T.;Universal Pictures;$439.454.989;$357.852.418;Ganadora;
1982;Missing;Drama;Político ;Costa-Gavras;Jack Lemmon;Universal Pictures;$14.000.000;$14.000.000;Nominada;
1982;Tootsie;Comedia;Comedia romántica;Sydney Pollack;Dustin Hoffman;Columbia Pictures;$177.200.000;$285;Nominada;
1982;The Verdict;Drama;Judicial;Sidney Lumet;Paul Newman;20th Century Fox;$53.977.250;$16.488;Nominada;
1981;Chariots of Fire;Drama;Deportivo;Hugh Hudson;Ben Cross;Warner Bros.;$58.972.904;$344.064;Ganadora;
1981;Atlantic City;Drama;Crimen;Louis Malle;Burt Lancaster;Paramount Pictures;$12.729.675;$12.729.675;Nominada;
1981;On Golden Pond;Drama;Familiar;Mark Rydell;Katharine Hepburn;Universal Pictures;$119.285.432;$119.285.432;Nominada;
1981;Raiders of the Lost Ark;Aventura;Aventura ;Steven Spielberg;Harrison Ford;Paramount Pictures;$248.159.971;$141.766.000;Nominada;
1981;Reds;Drama;Histórico ;Warren Beatty;Warren Beatty;Paramount Pictures;$40.382.659;$427;Nominada;
1980;Ordinary People;Drama;Familiar;Robert Redford;Donald Sutherland;Paramount Pictures;$54.766.923;$1.359;Ganadora;
1980;Coal Miner's Daughter;Drama;Biográfico ;Michael Apted;Sissy Spacek;Universal Pictures;$67.182.787;$67.182.787;Nominada;
1980;The Elephant Man;Drama;Biográfico ;David Lynch;John Hurt;Paramount Pictures;$26.010.864;$56.842;Nominada;
1980;Raging Bull;Drama;Biográfico ;Martin Scorsese;Robert De Niro;United Artists;$23.383.987;$19.646;Nominada;
1980;Tess;Drama;Romance;Roman Polanski;Nastassja Kinski;Columbia Pictures;$20.093.330;$7.917;Nominada;
1979;Kramer vs. Kramer;Drama;Familiar;Robert Benton;Dustin Hoffman;Columbia Pictures;$106.260.000;$71;Ganadora;
1979;All That Jazz;Drama;Musical;Bob Fosse;Roy Scheider;20th Century Fox;$37.823.676;$37.823.676;Nominada;
1979;Apocalypse Now;Bélico;Drama;Francis Ford Coppola;Martin Sheen;United Artists;$96.074.376;$9.224.890;Nominada;
1979;Breaking Away;Comedia;Drama;Peter Yates;Dennis Christopher;20th Century Fox;$16.424.918;$16.424.918;Nominada;
1979;Norma Rae;Drama;Drama;Martin Ritt;Sally Field;20th Century Fox;$22.228.000;$22.228.000;Nominada;
1978;The Deer Hunter;Drama;Bélico;Michael Cimino;Robert De Niro;Universal Pictures;$48.979.328;$95.073;Ganadora;
1978;Coming Home;Drama;Bélico ;Hal Ashby;Jane Fonda;United Artists;$32.653.905;$141;Nominada;
1978;Heaven Can Wait;Comedia;Fantástica ;Warren Beatty / Buck Henry;Warren Beatty;Paramount Pictures;$81.640.278;$81.640.278;Nominada;
1978;Midnight Express;Drama;Biográfico;Alan Parker;Brad Davis;Columbia Pictures;$35.000.000;$35.000.000;Nominada;
1978;An Unmarried Woman;Drama;Romance ;Paul Mazursky;Jill Clayburgh;20th Century Fox;;;Nominada;
1977;Annie Hall;Comedia;Comedia romántica;Woody Allen;Woody Allen;United Artists;;;Ganadora;
1977;The Goodbye Girl;Comedia;Comedia romántica;Herbert Ross;Richard Dreyfuss;Warner Bros.;$38.251.425;$43.517;Nominada;
1977;Julia;Drama;Biográfico ;Fred Zinnemann;Jane Fonda;20th Century Fox;$20.714.400;$20.714.400;Nominada;
1977;Star Wars;Ciencia ficción;Aventura ;George Lucas;Mark Hamill;20th Century Fox;$460.998.507;$775.398.507;Nominada;
1977;The Turning Point;Drama;Musical ;Herbert Ross;Anne Bancroft;20th Century Fox;$25.933.445;$25.933.445;Nominada;
